name,date,link
Bolsas de estudos de julho,12 Jun 2022,https://accessscholarships.com/blog/july-scholarships
Bolsas de estudo para juniores da faculdade,16 May 2022,https://accessscholarships.com/blog/scholarships-for-college-juniors
60 melhores bolsas de estudo para idosos do ensino médio em 2022,15 May 2022,https://accessscholarships.com/blog/scholarships-for-high-school-seniors
Top 20 sem bolsas de estudo para solicitar em 2022,15 May 2022,https://accessscholarships.com/blog/easy-no-essay-scholarships
Principais bolsas de estudo para juniores do ensino médio para 2022,14 May 2022,https://accessscholarships.com/blog/scholarships-for-high-school-juniors
Mais de 25 bolsas de estudos para calouros da faculdade em 2022,13 May 2022,https://accessscholarships.com/blog/college-freshman-scholarships
Bolsas de estudo em junho,12 May 2022,https://accessscholarships.com/blog/june-scholarships
Bolsas de estudos para estudantes universitários de primeira geração,09 May 2022,https://accessscholarships.com/blog/scholarships-for-first-generation-students
Bolsas de estudos para pós -graduação,07 May 2022,https://accessscholarships.com/blog/scholarships-for-graduate-school
50 principais bolsas de estudo para estudantes universitários (2022),07 May 2022,https://accessscholarships.com/blog/50-scholarships-for-college-students
Melhores consultores de educação no exterior em Rajahmundry,23 Apr 2022,https://www.sixsigmaedu.com/blog/best-abroad-education-consultants-in-rajamundry/
Principais universidades de educação gratuita na Europa para mestres,12 Jan 2022,https://www.sixsigmaedu.com/blog/top-free-education-universities-in-europe-for-masters/
Melhores universidades para estudar gratuitamente na Itália para estudantes internacionais,02 Jan 2022,https://www.sixsigmaedu.com/blog/best-universities-to-study-for-free-in-italy-for-international-students/
Itália Educação gratuita para estudantes indianos,28 Dec 2021,https://www.sixsigmaedu.com/blog/italy-free-education-for-indian-students/
Melhores faculdades de MBA nos EUA,27 Dec 2021,https://www.sixsigmaedu.com/blog/best-mba-colleges-in-usa/
Melhores universidades de MS nos EUA,27 Dec 2021,https://www.sixsigmaedu.com/blog/top-ms-universities-in-usa/
Principais universidades nos EUA,27 Dec 2021,https://www.sixsigmaedu.com/blog/top-universities-in-usa-for-indian-students-for-masters/
Melhor universidade no Reino Unido para MBA,27 Dec 2021,https://www.sixsigmaedu.com/blog/best-university-in-uk-for-mba/
Principais universidades do mundo,23 Dec 2021,https://www.sixsigmaedu.com/blog/top-universities-in-the-world/
Vantagens de estudar na Austrália,30 Nov 2021,https://www.sixsigmaedu.com/blog/advantages-of-studying-in-australia/
Exportação de funcionários comerciais Zwijndrecht,28 Jun 2022,http://www.togetherabroad.nl/jobs/job-commercieel-medewerker-export-zwijndrecht-zwijndrecht-828047-31.html
Contas temporárias a pagar contador  Bilíngue francês 'amp;Hoofddorp holandês,27 Jun 2022,http://www.togetherabroad.nl/jobs/job-temporary-accounts-payable-accountant-bilingual-french-amp-amp-dutch-hoofddorp-hoofddorp-828015-31.html
Contas temporárias a pagar contador  Hoofddorp francês,27 Jun 2022,http://www.togetherabroad.nl/jobs/job-temporary-accounts-payable-accountant-french-hoofddorp-hoofddorp-828016-31.html
Contas a pagar  Inglês Woerden,27 Jun 2022,http://www.togetherabroad.nl/jobs/job-accounts-payable-english-woerden-woerden-828017-31.html
Representante de Atendimento ao Cliente (B2B)  Roterdã inglês,27 Jun 2022,http://www.togetherabroad.nl/jobs/job-customer-service-representative-b2b-english-rotterdam-rotterdam-828018-31.html
Associado de Atendimento ao Cliente Oud Gastel,27 Jun 2022,http://www.togetherabroad.nl/jobs/job-customer-service-associate-oud-gastel-oud-gastel-828019-31.html
Executivo de vendas depois de Drandan Trucksk,27 Jun 2022,http://www.togetherabroad.nl/jobs/job-sales-executive-dach-i-german-ridderkerk-ridderkerk-828020-31.html
Operações de Gerente de Vendas de Campo (M/F/D) - Alemanha - Kellogg do norte da Europa Hamburgo,27 Jun 2022,http://www.togetherabroad.nl/jobs/job-field-sales-manager-operations-m-f-d-germany-kellogg-northern-europe-hamburg-hamburg-828021-31.html
Analista da Força de Vendas (M/F/D) - Alemanha - Kellogg do norte da Europa Hamburgo,27 Jun 2022,http://www.togetherabroad.nl/jobs/job-sales-force-analyst-m-f-d-germany-kellogg-northern-europe-hamburg-hamburg-828022-31.html
Representante de Vendas de Campo - Frankfurt (M/F/D) - Alemanha - Kellogg Northern Europe Frankfurt,27 Jun 2022,http://www.togetherabroad.nl/jobs/job-field-sales-representative-frankfurt-m-f-d-germany-kellogg-northern-europe-frankfurt-frankfurt-828023-31.html
Assistente de Pesquisa (PreAdoc) (M/F/D) - Departamento de Matemática e Ciência da Computação - Alemanha - Freie Universität Berlin,27 Jun 2022,http://www.togetherabroad.nl/jobs/job-research-assistant-preadoc-m-f-d-department-of-mathematics-and-computer-science-germany-freie-universitat-berlin-828024-31.html
Assistente de Pesquisa (PreAdoc) (M/F/D) - Departamento de Matemática e Ciência da Computação - Alemanha - Freie Universität Berlin,27 Jun 2022,http://www.togetherabroad.nl/jobs/job-research-assistant-preadoc-m-f-d-department-of-mathematics-and-computer-science-germany-freie-universitat-berlin-828025-31.html
Assistente de Pesquisa (PreAdoc) (M/F/D) - Departamento de Matemática e Ciência da Computação - Alemanha - Freie Universität Berlin,27 Jun 2022,http://www.togetherabroad.nl/jobs/job-research-assistant-preadoc-m-f-d-department-of-mathematics-and-computer-science-germany-freie-universitat-berlin-828026-31.html
Assistente de Pesquisa (PREADOC) (M/F/D) - Departamento de Física - Alemanha - Universidade Livre de Berlim,27 Jun 2022,http://www.togetherabroad.nl/jobs/job-research-assistant-preadoc-m-f-d-department-of-physics-germany-freie-universitat-berlin-828027-31.html
Assistente de Pesquisa (PreAdoc) (M/F/D) - Departamento de Matemática e Ciência da Computação - Alemanha - Freie Universität Berlin,27 Jun 2022,http://www.togetherabroad.nl/jobs/job-research-assistant-preadoc-m-f-d-department-of-mathematics-and-computer-science-germany-freie-universitat-berlin-828028-31.html
Assistente de Pesquisa (PREADOC) (M/F/D) - Departamento de Ciências da Terra - Alemanha - Freie Universität Berlin,27 Jun 2022,http://www.togetherabroad.nl/jobs/job-research-assistant-preadoc-m-f-d-department-of-earth-sciences-germany-freie-universitat-berlin-828029-31.html
Assistente de Pesquisa (PreAdoc) (M/F/D) - Departamento de Matemática e Ciência da Computação - Alemanha - Freie Universität Berlin,27 Jun 2022,http://www.togetherabroad.nl/jobs/job-research-assistant-preadoc-m-f-d-department-of-mathematics-and-computer-science-germany-freie-universitat-berlin-828030-31.html
Assistente de Pesquisa (Praedoc) (M/F/D) - Departamento de Matemática e Ciência da Computação - Alemanha - Universidade Livre de Berlim,27 Jun 2022,http://www.togetherabroad.nl/jobs/job-research-assistant-praedoc-m-f-d-department-of-mathematics-and-computer-science-germany-freie-universitat-berlin-828031-31.html
Assistente de Pesquisa (PreAdoc) (M/F/D) - Departamento de Matemática e Ciência da Computação - Alemanha - Freie Universität Berlin,27 Jun 2022,http://www.togetherabroad.nl/jobs/job-research-assistant-preadoc-m-f-d-department-of-mathematics-and-computer-science-germany-freie-universitat-berlin-828032-31.html
Administrador de Serviços Digital (M/F/D) - Alemanha - Med -El Electronics,27 Jun 2022,http://www.togetherabroad.nl/jobs/job-digital-services-administrator-m-f-d-germany-med-el-medical-electronics-828033-31.html
Engenheiro de Operações de Segurança do Produto (M/F/D) - Alemanha - Med -El Medical Electronics,27 Jun 2022,http://www.togetherabroad.nl/jobs/job-product-security-operations-engineer-m-f-d-germany-med-el-medical-electronics-828034-31.html
Engenheiro de software C ++ para UI de serviços conectados (todos os sexos) - Berlim - Alemanha - Mbition GmbH,27 Jun 2022,http://www.togetherabroad.nl/jobs/job-c-software-engineer-for-connected-services-ui-all-genders-berlin-germany-mbition-gmbh-820597-31.html
Engenheiro Industrial Semicondutor (F/M/Div.) - Alemanha - Bosch Gruppe,27 Jun 2022,http://www.togetherabroad.nl/jobs/job-industrial-engineer-semiconductor-f-m-div-germany-bosch-gruppe-820632-31.html
Senior Global Data Manager - Stuttgart ou Munique (M/F/D) - Alemanha - Allianz Global Benefits GmbH,27 Jun 2022,http://www.togetherabroad.nl/jobs/job-senior-global-data-manager-stuttgart-or-munich-m-f-d-germany-allianz-global-benefits-gmbh-820848-31.html
Treinador Agile (M/F/D) - Alemanha - Upday GmbH & amp;Co. Kg,27 Jun 2022,http://www.togetherabroad.nl/jobs/job-agile-coach-m-f-d-germany-upday-gmbh-amp-co-kg-820962-31.html
Chefe de Gerenciamento de Produto Retina Procedimento (M/F/X) - Alemanha - Zeiss,27 Jun 2022,http://www.togetherabroad.nl/jobs/job-head-of-product-management-retina-procedure-m-f-x-germany-zeiss-822224-31.html
Engenheiro de Software Frontend (F/M/X) - Alemanha - Zeiss,27 Jun 2022,http://www.togetherabroad.nl/jobs/job-frontend-software-engineer-f-m-x-germany-zeiss-822966-31.html
Engenheiro de software de back -end (f/m/x) - Alemanha - Zeiss,27 Jun 2022,http://www.togetherabroad.nl/jobs/job-backend-software-engineer-f-m-x-germany-zeiss-822978-31.html
Gerenciamento de Assuntos Regulatórios de Trainee (M/F/X) - Alemanha - Zeiss,27 Jun 2022,http://www.togetherabroad.nl/jobs/job-trainee-regulatory-affairs-management-m-f-x-germany-zeiss-823099-31.html
Proprietário do produto - Ciência de dados/aprendizado de máquina (f/m/x) - Alemanha - Zeiss,27 Jun 2022,http://www.togetherabroad.nl/jobs/job-product-owner-data-science-machine-learning-f-m-x-germany-zeiss-823150-31.html
Engenheiro DevOps (M/F/D) Cloud - Alemanha - Rewe Digital,26 Jun 2022,http://www.togetherabroad.nl/jobs/job-devops-engineer-m-f-d-cloud-germany-rewe-digital-828002-31.html
Instalações de construção Gerente de commodities (M/F/D) - Alemanha - Tecnologia da Intel Polônia Magdeburg,26 Jun 2022,http://www.togetherabroad.nl/jobs/job-construction-facilities-commodity-manager-m-f-d-germany-intel-technology-poland-magdeburg-magdeburg-828003-31.html
Engenheiro de Projetos Mecânicos de Processo - Engenharia Global de Construção (M/F/D) - Alemanha - Tecnologia Intel Polônia Magdeburg,26 Jun 2022,http://www.togetherabroad.nl/jobs/job-process-mechanical-project-engineer-global-construction-engineering-m-f-d-germany-intel-technology-poland-magdeburg-magdeburg-828004-31.html
Engenheiro de Projeto Civil/Estrutural - Engenharia de Construção Global (M/F/D) - Alemanha - Tecnologia Intel Polônia Magdeburg,26 Jun 2022,http://www.togetherabroad.nl/jobs/job-civil-structural-project-engineer-global-construction-engineering-m-f-d-germany-intel-technology-poland-magdeburg-magdeburg-828005-31.html
Engenheiro de Projeto Mecânico - Engenharia de Construção Global (M/F/D) - Alemanha - Tecnologia Intel Polônia Magdeburg,26 Jun 2022,http://www.togetherabroad.nl/jobs/job-mechanical-project-engineer-global-construction-engineering-m-f-d-germany-intel-technology-poland-magdeburg-magdeburg-828006-31.html
Gerente de Projeto Basebuild (M/F/D) - Alemanha - Tecnologia Intel Polônia Karlsruhe,26 Jun 2022,http://www.togetherabroad.nl/jobs/job-basebuild-project-manager-m-f-d-germany-intel-technology-poland-karlsruhe-karlsruhe-828007-31.html
Analista de negócios HR (M/F/D) - Alemanha - Stepstone GmbH,26 Jun 2022,http://www.togetherabroad.nl/jobs/job-business-analyst-hr-m-f-d-germany-stepstone-gmbh-828008-31.html
Scientist People Analytics (M/F/D) - Alemanha - Stepstone GmbH,26 Jun 2022,http://www.togetherabroad.nl/jobs/job-data-scientist-people-analytics-m-f-d-germany-stepstone-gmbh-828009-31.html
Global Sales Controller (M/F/D) - Alemanha - Sistemas Knorr -Bremse para Nutzfahrzeuge GmbH,26 Jun 2022,http://www.togetherabroad.nl/jobs/job-global-sales-controller-m-f-d-germany-knorr-bremse-systeme-fur-nutzfahrzeuge-gmbh-828010-31.html
Gerente de Produto; Serviços Digital (M/F/D) - Alemanha - Med -El Electronics,26 Jun 2022,http://www.togetherabroad.nl/jobs/job-product-manager-digital-services-m-f-d-germany-med-el-medical-electronics-828011-31.html
Região Europeia do Gerente Lean (D/F/M) - Alemanha - Henkel AG & amp;Co. KGAA,26 Jun 2022,http://www.togetherabroad.nl/jobs/job-lean-manager-european-region-d-f-m-germany-henkel-ag-amp-co-kgaa-816017-31.html
Gerente de contas Adtechnology & amp;Marketing on -line (M/F/D) - Alemanha - Publicis Media GmbH Berlin; Düsseldorf; Frankfurt; Hamburgo; München,26 Jun 2022,http://www.togetherabroad.nl/jobs/job-account-manager-adtechnology-amp-online-marketing-m-f-d-germany-publicis-media-gmbh-berlin-dusseldorf-frankfurt-hamburg-munchen-berlin-dusseldorf-frankfurt-hamburg-munchen-816435-31.html
Senior Manager (M/F/X) Transformação da organização - Alemanha - Deloitte,26 Jun 2022,http://www.togetherabroad.nl/jobs/job-senior-manager-m-f-x-organization-transformation-germany-deloitte-818248-31.html
Designs de lentes do gerente de produto (m/f/x) - Alemanha - Zeiss,26 Jun 2022,http://www.togetherabroad.nl/jobs/job-product-manager-lens-designs-m-f-x-germany-zeiss-818860-31.html
Engenheiro de dados do aluno que trabalha (M/W/D) - Alemanha - Ströer SSP,26 Jun 2022,http://www.togetherabroad.nl/jobs/job-working-student-data-engineer-m-w-d-germany-stroer-ssp-819958-31.html
Tecnologia do processo de R & amp;Co. KGAA,26 Jun 2022,http://www.togetherabroad.nl/jobs/job-internship-r-amp-d-process-technology-new-product-forms-germany-henkel-ag-amp-co-kgaa-819959-31.html
Coordenador da cadeia de suprimentos Consumidor (M/F/X) - Alemanha - Tesa SE,26 Jun 2022,http://www.togetherabroad.nl/jobs/job-supply-chain-coordinator-consumer-m-f-x-germany-tesa-se-820031-31.html
Estudante de trabalho - crédito privado europeu (f/m/d) #standwithukraine - Alemanha - Allianz Global Investors GmbH,26 Jun 2022,http://www.togetherabroad.nl/jobs/job-working-student-european-private-credit-f-m-d-standwithukraine-germany-allianz-global-investors-gmbh-820034-31.html
Desenvolvedor de inteligência artificial e aprendizado de máquina (m/f/d) - Alemanha - Rheinmetall Electronics GmbH,26 Jun 2022,http://www.togetherabroad.nl/jobs/job-developer-for-artificial-intelligence-and-machine-learning-m-f-d-germany-rheinmetall-electronics-gmbh-820055-31.html
Próximos líderes digitais - Programa Internacional de Trainee - Estratégia; Investimento e Amp;Finanças - Alemanha - Holtzbrinck Publishing Group Stuttgart,26 Jun 2022,http://www.togetherabroad.nl/jobs/job-next-digital-leaders-international-trainee-program-strategy-investment-amp-finance-germany-holtzbrinck-publishing-group-stuttgart-stuttgart-820090-31.html
Controle de software & amp;Engenheiro de Distribuição (F/M/D) - Alemanha - Serviços de Gerenciamento de Informações da Kion GmbH Frankfurt Am Main; Hamburgo; Aschaffenburg; Reutlingen,26 Jun 2022,http://www.togetherabroad.nl/jobs/job-software-control-amp-distribution-engineer-f-m-d-germany-kion-information-management-services-gmbh-frankfurt-am-main-hamburg-aschaffenburg-reutlingen-frankfurt-am-main-hamburg-aschaffenburg-reutlingen-820527-31.html
Executivo de suporte à conta (m/f/d) com habilidades em inglês e francês fluentes - Alemanha - Springer -Verlag GmbH Heidelberg,26 Jun 2022,http://www.togetherabroad.nl/jobs/job-account-support-executive-m-f-d-with-fluent-english-and-french-language-skills-germany-springer-verlag-gmbh-heidelberg-heidelberg-820537-31.html
Engenheiro de software/cadeia de suprimentos de nuvem de arquitetos (f/m/x) - Alemanha - BMW Group,26 Jun 2022,http://www.togetherabroad.nl/jobs/job-software-engineer-architect-cloud-supply-chain-f-m-x-germany-bmw-group-820771-31.html
Engenheiro de DevOps sênior (todos os sexos) - Berlim - Alemanha - Mbition GmbH,26 Jun 2022,http://www.togetherabroad.nl/jobs/job-senior-devops-engineer-all-genders-berlin-germany-mbition-gmbh-820801-31.html
Estágio em UI/UX Design - Alemanha - Bosch Group,26 Jun 2022,http://www.togetherabroad.nl/jobs/job-internship-in-ui-ux-design-germany-bosch-gruppe-820816-31.html
Analista de Sistemas Financeiros (M/F/D) - Alemanha - Stepstone GmbH,26 Jun 2022,http://www.togetherabroad.nl/jobs/job-financial-systems-analyst-m-f-d-germany-stepstone-gmbh-820823-31.html
PhD - Código incorporado incorporação: Aplicação do aprendizado de máquina ao código incorporado - Alemanha - Bosch Gruppe,26 Jun 2022,http://www.togetherabroad.nl/jobs/job-phd-embedded-code-embeddings-applying-machine-learning-to-embedded-code-germany-bosch-gruppe-820843-31.html
Soluções de mobilidade de arquitetos principais (m/f/div.) - Alemanha - Bosch Gruppe,26 Jun 2022,http://www.togetherabroad.nl/jobs/job-lead-architect-mobility-solutions-m-f-div-germany-bosch-gruppe-820871-31.html
Engenheiro de software SAP EWM Production (F/M/X) - Alemanha - BMW Group,26 Jun 2022,http://www.togetherabroad.nl/jobs/job-software-engineer-sap-ewm-production-f-m-x-germany-bmw-group-820964-31.html
Proprietário do produto de software - Realidade aumentada (f/m/x) - Alemanha - BMW Group,26 Jun 2022,http://www.togetherabroad.nl/jobs/job-software-product-owner-augmented-reality-f-m-x-germany-bmw-group-823028-31.html
API do Gerente de Produto (F/M/D) - Alemanha - Soluções de Charagem Digital GmbH de Munique,26 Jun 2022,http://www.togetherabroad.nl/jobs/job-produktmanager-in-api-f-m-d-germany-digital-charging-solutions-gmbh-munchen-munchen-823039-31.html
AWS Cloud Architect (m/f/diversificado) - Alemanha - Continental AG,26 Jun 2022,http://www.togetherabroad.nl/jobs/job-aws-cloud-architect-m-f-diverse-germany-continental-ag-823052-31.html
Chefe de Auditoria Interna (M/F/D) - Alemanha - Springer Nature AG & amp;Co. Kgaa Berlin Oder London,26 Jun 2022,http://www.togetherabroad.nl/jobs/job-head-of-internal-audit-m-f-d-germany-springer-nature-ag-amp-co-kgaa-berlin-oder-london-berlin-oder-london-823067-31.html
Diretor Finance Business Partner Publishing Solutions (M/F/D) - Alemanha - Springer Nature AG & amp;Co. Kgaa Berlin; Heidelberg; Londres,26 Jun 2022,http://www.togetherabroad.nl/jobs/job-director-finance-business-partner-publishing-solutions-m-f-d-germany-springer-nature-ag-amp-co-kgaa-berlin-heidelberg-london-berlin-heidelberg-london-823069-31.html
SW Engineer Tooling Incedded AI (f/m/div.) - Alemanha - Bosch Gruppe,26 Jun 2022,http://www.togetherabroad.nl/jobs/job-sw-engineer-tooling-embedded-ai-f-m-div-germany-bosch-gruppe-823080-31.html
TI SUPORTE DE SERVIÇO DE SERVIÇO DA EQUIPE DA EQUIPE DE FRANCÊS - ALEMANHA - Kühne + Nagel (AG & amp; Co.) KG,26 Jun 2022,http://www.togetherabroad.nl/jobs/job-it-support-service-desk-agent-m-f-d-french-team-germany-kuhne-nagel-ag-amp-co-kg-823085-31.html
Gerente de vendas (M/W/D) Reciclagem de metais preciosos - Alemanha - Heraeus Deutschland GmbH & amp;Co. Kg,26 Jun 2022,http://www.togetherabroad.nl/jobs/job-sales-manager-m-w-d-precious-metals-recycling-germany-heraeus-deutschland-gmbh-amp-co-kg-823087-31.html
Java Software Engineer (M/F/D) Seaschedule - Alemanha - Kühne + Nagel (AG & amp; Co.) KG,26 Jun 2022,http://www.togetherabroad.nl/jobs/job-java-software-engineer-m-f-d-seaschedule-germany-kuhne-nagel-ag-amp-co-kg-823106-31.html
Diretor Comercial Global FMCG Services (M/F/D) - Alemanha - Leadec Holding BV & amp;Co. Kg,26 Jun 2022,http://www.togetherabroad.nl/jobs/job-global-commercial-director-fmcg-industry-services-m-f-d-germany-leadec-holding-bv-amp-co-kg-823109-31.html
Practice Lead Software Architecture - SW Factory (F/M/X) - Alemanha - BMW Group,26 Jun 2022,http://www.togetherabroad.nl/jobs/job-practice-lead-software-architecture-sw-factory-f-m-x-germany-bmw-group-823123-31.html
Transformação de Especialista Lean (F/M/D) - Alemanha - Curevac Real Estate GmbH,26 Jun 2022,http://www.togetherabroad.nl/jobs/job-lean-expert-f-m-d-transformation-germany-curevac-real-estate-gmbh-823131-31.html
Excelência do Processo do Gerente de Projeto (M/F/X) - Alemanha - Zeiss,26 Jun 2022,http://www.togetherabroad.nl/jobs/job-project-manager-process-excellence-m-f-x-germany-zeiss-823134-31.html
Soluções de aprendizado de máquina de metralhadoras de pilha completa (m/f/x) - Alemanha - Zeiss,26 Jun 2022,http://www.togetherabroad.nl/jobs/job-full-stack-developer-machine-learning-solutions-m-f-x-germany-zeiss-823149-31.html
Engenheiro de construção de software júnior - Infotainment & amp;Dirigir autônomo (f/m/x) - Alemanha - BMW Group,26 Jun 2022,http://www.togetherabroad.nl/jobs/job-junior-software-build-engineer-infotainment-amp-autonomous-driving-f-m-x-germany-bmw-group-823156-31.html
Gerente de produto (m/f/d) EB Corbos Adaptivecore - Alemanha - Elektrobit Automotive GmbH,26 Jun 2022,http://www.togetherabroad.nl/jobs/job-product-manager-m-f-d-eb-corbos-adaptivecore-germany-elektrobit-automotive-gmbh-823171-31.html
Chefe de Região de Serviço EMEA (M/F/Diverso) - Alemanha - Continental AG,26 Jun 2022,http://www.togetherabroad.nl/jobs/job-head-of-service-region-emea-m-f-diverse-germany-continental-ag-823174-31.html
Gerente Market Insight e Lançamento Gerenciamento VTS (M/F/X) - Alemanha - Zeiss,26 Jun 2022,http://www.togetherabroad.nl/jobs/job-manager-market-insight-and-launch-management-vts-m-f-x-germany-zeiss-823234-31.html
Engenheiro sênior de software (Java; primavera) Desenvolvedor de back -end/softwareEntwickler (f/m/d) - Alemanha - mytoys.de GmbH,26 Jun 2022,http://www.togetherabroad.nl/jobs/job-senior-software-engineer-java-spring-backend-developer-checkout-softwareentwickler-f-m-d-germany-mytoys-de-gmbh-823259-31.html
Gerente de Produto Global - Gerenciamento de Ativos de TI - Alemanha - Softwareone Deutschland GmbH München,26 Jun 2022,http://www.togetherabroad.nl/jobs/job-global-product-manager-it-asset-management-germany-softwareone-deutschland-gmbh-munchen-munchen-823267-31.html
Proprietário do processo técnico (m/f/d) - Habilitação de tecnologia de varejo - Alemanha - sobre você se & amp;Co. Kg,26 Jun 2022,http://www.togetherabroad.nl/jobs/job-technical-process-owner-m-f-d-retail-tech-enabling-germany-about-you-se-amp-co-kg-823269-31.html
Engenheiro de Garantia da Qualidade (Mobile) (M/F/D) - Alemanha - Asambeauty GmbH,26 Jun 2022,http://www.togetherabroad.nl/jobs/job-quality-assurance-engineer-mobile-m-f-d-germany-asambeauty-gmbh-823275-31.html
Desenvolvedor Java Lead - Serviços de Item (F/M/D) - Alemanha - Mytoys.de GmbH,26 Jun 2022,http://www.togetherabroad.nl/jobs/job-lead-java-developer-item-services-f-m-d-germany-mytoys-de-gmbh-823287-31.html
(Sênior) Gerente de Assuntos Regulatórios (F/M/X) - Alemanha - Zeiss,26 Jun 2022,http://www.togetherabroad.nl/jobs/job-senior-regulatory-affairs-manager-f-m-x-germany-zeiss-823302-31.html
Líder da equipe técnica (Java; primavera) checkout de back -end (f/m/d) - Alemanha - mytoys.de GmbH,26 Jun 2022,http://www.togetherabroad.nl/jobs/job-technical-team-lead-java-spring-backend-checkout-f-m-d-germany-mytoys-de-gmbh-823341-31.html
(Senior) DevOps Engineer (M/F/D) - Alemanha - Sobre você se & amp;Co. Kg,26 Jun 2022,http://www.togetherabroad.nl/jobs/job-senior-devops-engineer-m-f-d-germany-about-you-se-amp-co-kg-823366-31.html
Operativo de Dispatch and Warehouse (f/m/x)/período parcial - Alemanha - Adecco Deutschland,26 Jun 2022,http://www.togetherabroad.nl/jobs/job-dispatch-and-warehouse-operative-f-m-x-full-part-time-germany-adecco-deutschland-823371-31.html
Desenvolvedor Node.JS de Lead.js BI & amp;CRM (m/f/d) - no local ou remoto na UE - Alemanha - sobre você se & amp;Co. Kg,26 Jun 2022,http://www.togetherabroad.nl/jobs/job-lead-node-js-developer-bi-amp-crm-m-f-d-onsite-or-remote-within-the-eu-germany-about-you-se-amp-co-kg-823374-31.html
Proprietário do produto ioki (w/m/d) - Alemanha - Deutsche Bahn AG,26 Jun 2022,http://www.togetherabroad.nl/jobs/job-product-owner-ioki-w-m-d-germany-deutsche-bahn-ag-823378-31.html
Operativo de Dispatch and Warehouse (f/m/x)/período parcial - Alemanha - Adecco Deutschland,26 Jun 2022,http://www.togetherabroad.nl/jobs/job-dispatch-and-warehouse-operative-f-m-x-full-part-time-germany-adecco-deutschland-823380-31.html
Suporte de aplicativo para funcionários de TI (f/m/x) - Alemanha - Daimler Truck Financial Services Deutschland GmbH,26 Jun 2022,http://www.togetherabroad.nl/jobs/job-it-employee-application-support-f-m-x-germany-daimler-truck-financial-services-deutschland-gmbh-825429-31.html
AMG Gerente de Projeto BEV Análise de Uso do Cliente & amp;Benchmarking (M/F/X) - Alemanha - Mercedes -AMG GmbH,26 Jun 2022,http://www.togetherabroad.nl/jobs/job-amg-project-manager-bev-customer-usage-analysis-amp-benchmarking-m-f-x-germany-mercedes-amg-gmbh-825430-31.html
Gerente do Tesouro - Finanças Corporativas (F/M/D) - Alemanha - Baywa R.E.Ag,26 Jun 2022,http://www.togetherabroad.nl/jobs/job-treasury-manager-corporate-finance-f-m-d-germany-baywa-r-e-ag-825431-31.html
Parceiro de negócios de RH - Human Pharma (M/W/D) - Alemanha - Boehringer Ingelheim,26 Jun 2022,http://www.togetherabroad.nl/jobs/job-hr-business-partner-human-pharma-m-w-d-germany-boehringer-ingelheim-825432-31.html
Assistente (m/f/d) da administração/assistente do diretor administrativo e da equipe de partida - UP - Alemanha - HIF EMEA GmbH Berlin,26 Jun 2022,http://www.togetherabroad.nl/jobs/job-assistentin-m-w-d-der-geschaftsfuhrung-assistent-to-the-managing-director-and-start-up-team-germany-hif-emea-gmbh-berlin-berlin-825586-31.html
Assistente de pesquisa (estudante de doutorado) sobre eletrônica de óxido de metal para imagens THz - Alemanha - Bergische Universität Wuppertal,26 Jun 2022,http://www.togetherabroad.nl/jobs/job-research-assistant-doctoral-student-on-metal-oxide-electronics-for-thz-imaging-germany-bergische-universitat-wuppertal-825588-31.html
Gerente de Projeto (M/F/D) Engenharia Civil - Alemanha - Abo Wind AG,26 Jun 2022,http://www.togetherabroad.nl/jobs/job-project-manager-m-f-d-civil-engineering-germany-abo-wind-ag-825591-31.html
Engenheiro de software AX - Alemanha - Kaiser+Kraft,25 Jun 2022,http://www.togetherabroad.nl/jobs/job-software-engineer-ax-germany-kaiser-kraft-827883-31.html
VP; gerente de fabricação e operações de sites; Magdeburg (F/M/D) - Alemanha - Tecnologia Intel Polônia Magdeburg,25 Jun 2022,http://www.togetherabroad.nl/jobs/job-vp-site-manufacturing-and-operations-manager-magdeburg-f-m-d-germany-intel-technology-poland-magdeburg-magdeburg-827884-31.html
Gerente de departamento do programa para o site de Magdeburg (M/F/D) - Alemanha - Intel Technology Polônia Magdeburg,25 Jun 2022,http://www.togetherabroad.nl/jobs/job-program-department-manager-for-magdeburg-site-m-f-d-germany-intel-technology-poland-magdeburg-magdeburg-827885-31.html
Diretor de aquisição de talentos da Alemanha (F/M/D) - Alemanha - Intel Technology Polônia de Munique,25 Jun 2022,http://www.togetherabroad.nl/jobs/job-germany-talent-acquisition-director-f-m-d-germany-intel-technology-poland-munich-munich-827886-31.html
(Sênior) Consultor Global Benefits (M/F/D) - Alemanha - AON,25 Jun 2022,http://www.togetherabroad.nl/jobs/job-senior-consultant-global-benefits-m-f-d-germany-aon-827887-31.html
Parceiro de negócios de RH (F/M/D) - Contrato limitado por 2 anos - Alemanha - Katech Ingredient Solutions GmbH Lübeck,25 Jun 2022,http://www.togetherabroad.nl/jobs/job-hr-business-partner-f-m-d-limited-contract-for-2-years-germany-katech-ingredient-solutions-gmbh-lubeck-lubeck-827888-31.html
Assistente (M/F/D) Equipe de Gerenciamento de Aim -Office - Alemanha - Allianz Investment Management Se München,25 Jun 2022,http://www.togetherabroad.nl/jobs/job-assistant-m-f-d-aim-office-management-team-germany-allianz-investment-management-se-munchen-munchen-827889-31.html
Associado Sênior (M/F/D) em Risco & amp;Análise de Investimento/Controle Financeiro - Alemanha - Allianz Investment Management Se München,25 Jun 2022,http://www.togetherabroad.nl/jobs/job-senior-associate-m-f-d-in-risk-amp-investment-analytics-financial-control-germany-allianz-investment-management-se-munchen-munchen-827890-31.html
Desenvolvedor Fullstack C# .NET (M/W/D) - Alemanha - Segurança HXGN & amp;Infraestrutura / hexagon garching,25 Jun 2022,http://www.togetherabroad.nl/jobs/job-fullstack-developer-c-net-m-w-d-germany-hxgn-safety-amp-infrastructure-hexagon-garching-garching-827891-31.html
Solution Architect / como GO para Gerente de Market - Integration Solutions / Central Europe (M / W / D) - Alemanha - Dun & amp;Bradstreet Deutschland GmbH Darmstadt,25 Jun 2022,http://www.togetherabroad.nl/jobs/job-solution-architect-as-a-go-to-market-manager-integration-solutions-central-europe-m-w-d-germany-dun-amp-bradstreet-deutschland-gmbh-darmstadt-darmstadt-827892-31.html
Estudante de trabalho em gestão de ativos da BU Offshore - Alemanha - Vattenfall Hamburg,25 Jun 2022,http://www.togetherabroad.nl/jobs/job-working-student-in-asset-management-of-bu-offshore-germany-vattenfall-hamburg-hamburg-827893-31.html
Conta de vendas júnior & amp;RGM Manager (M/W/D) - Programa de Rotação - Alemanha - Kellogg do Norte da Europa Hamburgo,25 Jun 2022,http://www.togetherabroad.nl/jobs/job-junior-sales-account-amp-rgm-manager-m-w-d-rotation-program-germany-kellogg-northern-europe-hamburg-hamburg-827894-31.html
Analista Financeiro (M/F/D) - Alemanha - Nexperia Alemanha GmbH Hamburgo,25 Jun 2022,http://www.togetherabroad.nl/jobs/job-financial-analyst-m-f-d-germany-nexperia-germany-gmbh-hamburg-hamburg-827895-31.html
WerkStudent/Working Student - Controlando em grupo (M/F/D) - Alemanha - Nexperia Alemanha GmbH Hamburgo,25 Jun 2022,http://www.togetherabroad.nl/jobs/job-werkstudent-working-student-–-group-controlling-m-f-d-germany-nexperia-germany-gmbh-hamburg-hamburg-827896-31.html
(Júnior) Gerente do país (M/F/D) Bélgica - Alemanha - Alto -falante Teufel GmbH Berlin,25 Jun 2022,http://www.togetherabroad.nl/jobs/job-junior-country-manager-m-f-d-belgium-germany-lautsprecher-teufel-gmbh-berlin-berlin-827897-31.html
Associado de Atendimento ao Cliente (M/F/O) Comércio Internacional - Alemanha - Thieme Gruppe Stuttgart,25 Jun 2022,http://www.togetherabroad.nl/jobs/job-customer-service-associate-m-f-o-international-trade-germany-thieme-gruppe-stuttgart-stuttgart-827898-31.html
Gerente de Desenvolvimento de Negócios - Alemanha - Pard Europe sp.Z O.O.Bundesweit,25 Jun 2022,http://www.togetherabroad.nl/jobs/job-business-development-manager-germany-pard-europe-sp-z-o-o-bundesweit-bundesweit-827899-31.html
Gerente de Desenvolvimento de Negócios Dach (M/W/D) - Alemanha - Eurofins Biopharma Product Testing Munique GmbH South Alemanha; Áustria; Suíça; Alemanha,25 Jun 2022,http://www.togetherabroad.nl/jobs/job-business-development-manager-dach-m-w-d-germany-eurofins-biopharma-product-testing-munich-gmbh-south-germany-austria-switzerland-germany-south-germany-austria-switzerland-germany-827900-31.html
Treinamento sênior de produto de gerente (m/w/d) - Alemanha - Wärtsilä Sam Electronics GmbH Hamburgo,25 Jun 2022,http://www.togetherabroad.nl/jobs/job-senior-manager-product-training-m-w-d-germany-wartsila-sam-electronics-gmbh-hamburg-hamburg-827901-31.html
Gerenciamento de dados da Internet Suécia (M/F/D) - Alemanha - Moebel.de configurado & amp;Living AG,25 Jun 2022,http://www.togetherabroad.nl/jobs/job-intern-data-management-sweden-m-w-d-germany-moebel-de-einrichten-amp-wohnen-ag-827902-31.html
Gerente de Marketing Digital (M/F/D) - Alemanha - Union Tank Eckstein GmbH & amp;Co kg,25 Jun 2022,http://www.togetherabroad.nl/jobs/job-digital-marketing-manager-m-f-d-germany-union-tank-eckstein-gmbh-amp-co-kg-827903-31.html
Engenheiro de Aplicação/Engenheiro de Aplicação (F/M/D) - Alemanha - Schneider Electric GmbH Marktheidenfeld,25 Jun 2022,http://www.togetherabroad.nl/jobs/job-applikationsingenieur-application-engineer-f-m-d-germany-schneider-electric-gmbh-marktheidenfeld-marktheidenfeld-827904-31.html
Gerente de Atleta (M/F/D) - Alemanha - Rasoulution GmbH München,25 Jun 2022,http://www.togetherabroad.nl/jobs/job-athlete-manager-m-f-d-germany-rasoulution-gmbh-munchen-munchen-827905-31.html
Analista de Trabalho (M/F/D) e Inteligência de Negócios em Projetos eólicos - Alemanha - Baywa R.E.Ag Müncheen,25 Jun 2022,http://www.togetherabroad.nl/jobs/job-working-student-m-f-d-analytics-and-business-intelligence-in-wind-projects-germany-baywa-r-e-ag-muncheen-muncheen-827906-31.html
Gerente de Ciência (F/M/D) da Escola de Excelência Konrad Zuse em inteligência artificial confiável e MDSI - Alemanha - Universidade Técnica de Munique Garching,25 Jun 2022,http://www.togetherabroad.nl/jobs/job-science-manager-f-m-d-of-the-konrad-zuse-school-of-excellence-in-reliable-artificial-intelligence-and-mdsi-germany-technische-universitat-munchen-garching-garching-827907-31.html
Coordenador da Escola de Excelência Konrad Zuse em inteligência artificial confiável (M/F/D) - Alemanha - Universidade Técnica de Munique Garching,25 Jun 2022,http://www.togetherabroad.nl/jobs/job-coordinator-of-the-konrad-zuse-school-of-excellence-in-reliable-artificial-intelligence-m-f-d-germany-technische-universitat-munchen-garching-garching-827908-31.html
Gerente de Ciência Ellis (F/M/D) - Alemanha - Universidade Técnica de Munique Garching,25 Jun 2022,http://www.togetherabroad.nl/jobs/job-science-manager-ellis-f-m-d-germany-technische-universitat-munchen-garching-garching-827909-31.html
MCML Center Manager da TUM - Alemanha - Universidade Técnica de Munique Garching,25 Jun 2022,http://www.togetherabroad.nl/jobs/job-mcml-center-manager-at-tum-germany-technische-universitat-munchen-garching-garching-827910-31.html
Marketing de área & amp;Gerente de Comunicações (M/F/D) - Alemanha - Union Tank Eckstein GmbH & amp;Co kg,25 Jun 2022,http://www.togetherabroad.nl/jobs/job-area-marketing-amp-communications-manager-m-f-d-germany-union-tank-eckstein-gmbh-amp-co-kg-827911-31.html
Gerente de qualidade (M/W/D) - Alemanha - Perkinelmer Las (Alemanha) GmbH Rodgau - Jügesheim,25 Jun 2022,http://www.togetherabroad.nl/jobs/job-quality-manager-m-w-d-germany-perkinelmer-las-germany-gmbh-rodgau-jugesheim-rodgau-jugesheim-827912-31.html
Marcom Manager - Digital Solutions (M/F/X) - Alemanha - 3C GmbH - Companhia de Consultoria de Carreira Köln/Hamburgo,25 Jun 2022,http://www.togetherabroad.nl/jobs/job-marcom-manager-digital-solutions-m-f-x-germany-3c-gmbh-career-consulting-company-koln-hamburg-koln-/-hamburg-827913-31.html
Analista (sênior) Benefícios Globais (M/F/D) - Alemanha - AON,25 Jun 2022,http://www.togetherabroad.nl/jobs/job-senior-analyst-global-benefits-m-f-d-germany-aon-827914-31.html
Gerente parceiro do Projeto Talaria (M/F/D)* - Alemanha - Munique Rückversicherungs -gesellschaft AG,25 Jun 2022,http://www.togetherabroad.nl/jobs/job-partner-manager-for-project-talaria-m-f-d-germany-munchener-ruckversicherungs-gesellschaft-ag-827915-31.html
Arquiteto/Engenheiro de Software Frontend Sênior (F/M/Div.) - Alemanha - Bosch Gruppe,25 Jun 2022,http://www.togetherabroad.nl/jobs/job-senior-frontend-software-architect-engineer-f-m-div-germany-bosch-gruppe-827916-31.html
Gerente de Soluções de Aviação 100% (M/F/D) - Alemanha - Ender Diagnostics AG Zürich,25 Jun 2022,http://www.togetherabroad.nl/jobs/job-aviation-solutions-manager-100-m-f-d-germany-ender-diagnostics-ag-zurich-zurich-827917-31.html
Engenheiro de funcionários (M/F/D) - Alemanha - ao redorhome,25 Jun 2022,http://www.togetherabroad.nl/jobs/job-staff-engineer-m-f-d-germany-aroundhome-827918-31.html
Engenheiro de Teste de Forgerock (M/W/D) - Alemanha - Mindtree Limited,25 Jun 2022,http://www.togetherabroad.nl/jobs/job-forgerock-test-engineer-m-w-d-germany-mindtree-limited-827919-31.html
Parceiro de negócios de RH (m/f/d) Áustria & amp;Suíça - Alemanha - Royal Canin Tiersfahrzeit GmbH & amp;Co.kg North Rhine-Westphalia; Viena,25 Jun 2022,http://www.togetherabroad.nl/jobs/job-hr-business-partner-m-f-d-austria-amp-switzerland-germany-royal-canin-tiernahrung-gmbh-amp-co-kg-nordrhein-westfalen-wien-nordrhein-westfalen-wien-827920-31.html
Gerente de gerenciamento de transportadora - Dach & amp;Nórdicos (m/f/d) - Alemanha - Chep Deutschland GmbH,25 Jun 2022,http://www.togetherabroad.nl/jobs/job-manager-carrier-management-dach-amp-nordics-m-f-d-germany-chep-deutschland-gmbh-827921-31.html
Escritor de conteúdo (f/m/x) para marketing digital & amp;Mídia social - Alemanha - Ceramtec GmbH,25 Jun 2022,http://www.togetherabroad.nl/jobs/job-content-writer-f-m-x-for-digital-marketing-amp-social-media-germany-ceramtec-gmbh-827922-31.html
Gerente de projeto de TI (M/F/D) - Alemanha - AB Enzymes GmbH Darmstadt,25 Jun 2022,http://www.togetherabroad.nl/jobs/job-it-project-manager-m-f-d-germany-ab-enzymes-gmbh-darmstadt-darmstadt-827923-31.html
Cientista de dados - clima & amp;Mercados de Energia - Alemanha - Tschach Solutions GmbH Karlsruhe,25 Jun 2022,http://www.togetherabroad.nl/jobs/job-data-scientist-weather-amp-energy-markets-germany-tschach-solutions-gmbh-karlsruhe-karlsruhe-827924-31.html
Gerente de Produto - Designer de Serviços M/F/D - Alemanha - Qubit9 GmbH Hamburgo,25 Jun 2022,http://www.togetherabroad.nl/jobs/job-product-manager-service-designer-m-f-d-germany-qubit9-gmbh-hamburg-hamburg-827925-31.html
Gerente de Design Europeu (M/F/D) - Alemanha - Sandvik Tooling Supply Schmalkalden,25 Jun 2022,http://www.togetherabroad.nl/jobs/job-european-design-manager-m-f-d-germany-sandvik-tooling-supply-schmalkalden-827926-31.html
Arquiteto nativo da nuvem (f/m/d) - Alemanha - Serviços de GeoSystems de Hexagon,25 Jun 2022,http://www.togetherabroad.nl/jobs/job-cloud-native-architect-f-m-d-germany-hexagon-geosystems-services-ag-827927-31.html
Mestre ágil 'Construção de software; teste e ambiente de nuvem' para direção automatizada (f/m/div.) - Alemanha - Bosch Gruppe,25 Jun 2022,http://www.togetherabroad.nl/jobs/job-agile-master-software-construction-test-and-cloud-environment-for-automated-driving-f-m-div-germany-bosch-gruppe-827928-31.html
Embaixador do Centro de Relações com Clientes - Habilidades italianas e Inglês Necessário (M/F/D) - Alemanha - Montblanc -SimPlo GmbH Hamburgo,25 Jun 2022,http://www.togetherabroad.nl/jobs/job-client-relations-centre-ambassador-–-italian-and-english-language-skills-required-m-f-d-germany-montblanc-simplo-gmbh-hamburg-hamburg-827929-31.html
Principal Software/Engenheiro de Cloud M/F/D - Alemanha - Qubit9 GmbH Hamburgo,25 Jun 2022,http://www.togetherabroad.nl/jobs/job-principal-software-cloud-engineer-m-f-d-germany-qubit9-gmbh-hamburg-hamburg-827930-31.html
Estágio Eletrônica de Power -Eletrônica / Eletrônica Digital / FPGA / Prototipagem Rápida (F / M / D) - Alemanha - Schneider Electric GmbH Marktheidenfeld,25 Jun 2022,http://www.togetherabroad.nl/jobs/job-internship-power-electronics-digital-electronics-fpga-rapid-prototyping-f-m-d-germany-schneider-electric-gmbh-marktheidenfeld-marktheidenfeld-827931-31.html
Designer de jogos - Forge of Empires - Alemanha - Innogames GmbH,25 Jun 2022,http://www.togetherabroad.nl/jobs/job-game-designer-forge-of-empires-germany-innogames-gmbh-827932-31.html
Engenheiro de Dados (F/M/X) Centro de Integração de Dados Médicos - Alemanha - Hospital Universitário Colônia (Aör),25 Jun 2022,http://www.togetherabroad.nl/jobs/job-data-engineer-f-m-x-medical-data-integration-centre-germany-universitatsklinikum-koln-aor-827933-31.html
Mercados de dívida associados (M/W/D) - Finanças alavancadas - Alemanha - BNP Paribas Corporate & amp;Banco institucional Frankfurt,25 Jun 2022,http://www.togetherabroad.nl/jobs/job-associate-m-w-d-debt-markets-leveraged-finance-germany-bnp-paribas-corporate-amp-institutional-banking-frankfurt-frankfurt-827934-31.html
Engenheiro sênior de produtos (F/M/D) para software & amp;Serviços - Alemanha - Leica Geosystems AG,25 Jun 2022,http://www.togetherabroad.nl/jobs/job-senior-product-engineer-f-m-d-for-software-amp-services-germany-leica-geosystems-ag-827935-31.html
Consultor interno de gerenciamento de investimentos (M/F/D)* - Alemanha - Munique Rückversicherungs -gesellschaft AG,25 Jun 2022,http://www.togetherabroad.nl/jobs/job-intern-investment-management-consultant-m-f-d-germany-munchener-ruckversicherungs-gesellschaft-ag-827936-31.html
Engenheiro de Design Analog (/Signal Misto) (M/F/D) - Alemanha - Ciclo GmbH,25 Jun 2022,http://www.togetherabroad.nl/jobs/job-analog-mixed-signal-design-engineer-m-f-d-germany-cycle-gmbh-827937-31.html
Varejo de Distância Especialista em Marketing de Comércio & amp;MailOrder (M/W/D) - Alemanha - Triumph Holding AG,25 Jun 2022,http://www.togetherabroad.nl/jobs/job-trade-marketing-specialist-distance-retail-amp-mailorder-m-w-d-germany-triumph-holding-ag-827938-31.html
Chefe da Rede de Cuidados para Eye Vis -Opt (F/M/X) - Alemanha - Zeiss,25 Jun 2022,http://www.togetherabroad.nl/jobs/job-head-of-vis-opt-eye-care-network-f-m-x-germany-zeiss-827939-31.html
Engenheiro de Solução - Gerenciamento da Cadeia de Suprimentos - Aeroespacial (todos os sexos bem -vindos) - Alemanha - Thyssenkrupp aeroespacial,25 Jun 2022,http://www.togetherabroad.nl/jobs/job-solution-engineer-supply-chain-management-aerospace-all-genders-welcome-germany-thyssenkrupp-aerospace-827940-31.html
International Trainer/Education Manager (F/M/X) em Tecnologia Médica - Alemanha - Sysmex Europe GmbH,25 Jun 2022,http://www.togetherabroad.nl/jobs/job-international-trainer-education-manager-f-m-x-in-medical-technology-germany-sysmex-europe-gmbh-827941-31.html
It Apoiador (F/M/D) - Alemanha - Vestas Berlin,25 Jun 2022,http://www.togetherabroad.nl/jobs/job-it-supporter-f-m-d-germany-vestas-berlin-berlin-827942-31.html
Engenheiro de Desenvolvimento (D/F/M) - Alemanha - Kaiserslautern coerente GmbH,25 Jun 2022,http://www.togetherabroad.nl/jobs/job-development-engineer-d-f-m-germany-coherent-kaiserslautern-gmbh-827943-31.html
Solução Arquiteto de Tecnologia de Infraestrutura de TI (M/F/D) - Alemanha - Vibracoustic Se & amp;Co. Kg,25 Jun 2022,http://www.togetherabroad.nl/jobs/job-solution-architect-it-infrastructure-technology-m-f-d-germany-vibracoustic-se-amp-co-kg-827944-31.html
Cobertura corporativa de limites médio - Analista/Associado (M/F/D) - Região Central - Alemanha - BNP Paribas Corporate & amp;Banco institucional Frankfurt,25 Jun 2022,http://www.togetherabroad.nl/jobs/job-mid-large-cap-corporate-coverage-analyst-associate-m-f-d-–-central-region-germany-bnp-paribas-corporate-amp-institutional-banking-frankfurt-frankfurt-827945-31.html
Gerente de Assuntos Regulatórios (M/F/D) - Alemanha - CompuRoup Medical Se & amp;Co. Kgaa Koblenz,25 Jun 2022,http://www.togetherabroad.nl/jobs/job-regulatory-affairs-manager-m-f-d-germany-compugroup-medical-se-amp-co-kgaa-koblenz-koblenz-827946-31.html
Gerente de Desenvolvimento de Negócios Dispositivos Médicos Dach (M/W/D) - Alemanha - Eurofins Biopharma Product Testing de Munique GmbH Tuttlingen,25 Jun 2022,http://www.togetherabroad.nl/jobs/job-business-development-manager-medical-devices-dach-m-w-d-germany-eurofins-biopharma-product-testing-munich-gmbh-tuttlingen-tuttlingen-827947-31.html
Chefe do Estado,25 Jun 2022,http://www.togetherabroad.nl/jobs/job-chief-of-staff-m-f-d-germany-auxmoney-gmbh-827948-31.html
Distância do Gerente de Contas Principais Varejo/MailOrdens (M/W/D) - Alemanha - Triumph Holding AG,25 Jun 2022,http://www.togetherabroad.nl/jobs/job-key-account-manager-distance-retail-mailorder-m-w-d-germany-triumph-holding-ag-827949-31.html
(M/F/D) - Alemanha - Fashionette AG,25 Jun 2022,http://www.togetherabroad.nl/jobs/job-senior-corporate-communications-manager-m-f-d-germany-fashionette-ag-827950-31.html
Balancer de jogo sênior - Designer de jogos - Novo jogo para celular (sem aviso prévio) - Alemanha - Innogames GmbH,25 Jun 2022,http://www.togetherabroad.nl/jobs/job-senior-game-balancer-game-designer-new-mobile-game-unannounced-germany-innogames-gmbh-827951-31.html
Programa de acelerador da cadeia de suprimentos (m/f/d) - Alemanha - Heraeus Quarzglas GmbH & amp;Co. Kg,25 Jun 2022,http://www.togetherabroad.nl/jobs/job-supply-chain-accelerator-program-m-f-d-germany-heraeus-quarzglas-gmbh-amp-co-kg-827952-31.html
Engenheiro de Dados (M/F/D) - Alemanha - Lidl Digital,25 Jun 2022,http://www.togetherabroad.nl/jobs/job-data-engineer-m-f-d-germany-lidl-digital-827953-31.html
Desenvolvedor de processos de engenharia (f/m/div.) - Alemanha - Bosch Gruppe,25 Jun 2022,http://www.togetherabroad.nl/jobs/job-engineer-process-developer-f-m-div-germany-bosch-gruppe-827954-31.html
Gerente de Contador (M/W/D) - Alemanha - Randstad Deutschland GmbH & amp;Co. Kg,25 Jun 2022,http://www.togetherabroad.nl/jobs/job-accountant-manager-m-w-d-germany-randstad-deutschland-gmbh-amp-co-kg-827955-31.html
Atendimento ao cliente do líder da equipe para soluções de hospedagem (f/m/d) - Alemanha - ionos,25 Jun 2022,http://www.togetherabroad.nl/jobs/job-team-leader-customer-service-for-hosting-solutions-f-m-d-germany-ionos-827956-31.html
Marketing Internacional de estágio - Conceito de beleza autêntica - Alemanha - Henkel AG & amp;Co. KGAA,25 Jun 2022,http://www.togetherabroad.nl/jobs/job-internship-international-marketing-authentic-beauty-concept-germany-henkel-ag-amp-co-kgaa-827957-31.html
Mercado de capital de empréstimos de estágio (M/F/D) - Alemanha - BNP Paribas Corporate & amp;Banco institucional Frankfurt,25 Jun 2022,http://www.togetherabroad.nl/jobs/job-internship-loan-capital-markets-m-f-d-germany-bnp-paribas-corporate-amp-institutional-banking-frankfurt-frankfurt-827958-31.html
Designer de Ui/Ux Sênior - Rise of Cultures - Alemanha - Innogames GmbH,25 Jun 2022,http://www.togetherabroad.nl/jobs/job-senior-ui-ux-designer-rise-of-cultures-germany-innogames-gmbh-827959-31.html
Clínico principal Global Health (todos os sexos) - Alemanha - Merck KGaa Darmstadt; Alemanha,25 Jun 2022,http://www.togetherabroad.nl/jobs/job-lead-clinician-global-health-all-genders-germany-merck-kgaa-darmstadt-germany-827960-31.html
Estágio (M/W/D) - Criação e correção automáticas de pré -etiqueta usando dados GPS e mapa - Alemanha - Magna,25 Jun 2022,http://www.togetherabroad.nl/jobs/job-internship-m-w-d-automatic-pre-label-creation-and-correction-using-gps-and-map-data-germany-magna-827961-31.html
Desenvolvedor de jogos para celular - Unity - Sunrise Village - Alemanha - Innogames GmbH,25 Jun 2022,http://www.togetherabroad.nl/jobs/job-mobile-game-developer-unity-sunrise-village-germany-innogames-gmbh-827962-31.html
Posição de doutorado - Desenvolvimento de novas tecnologias UHV para o telescópio Einstein para detecção de ondas gravitacionais - Alemanha - Forschungszentrum jülich gmbh,25 Jun 2022,http://www.togetherabroad.nl/jobs/job-phd-position-–-development-of-new-uhv-technologies-for-the-einstein-telescope-for-gravitational-waves-detection-germany-forschungszentrum-julich-gmbh-827963-31.html
Fluxo de caixa do controlador de grupo sênior & amp;Avaliação (todos os sexos) - Alemanha - Merck Kgaa Darmstadt; Alemanha,25 Jun 2022,http://www.togetherabroad.nl/jobs/job-senior-group-controller-cash-flow-amp-valuation-all-genders-germany-merck-kgaa-darmstadt-germany-827964-31.html
Chefe (M/F/Div) da Tecnologia da Informação (TI) - Alemanha - Instituto Max Planck for Brain Research,25 Jun 2022,http://www.togetherabroad.nl/jobs/job-head-m-f-div-of-information-technology-it-germany-max-planck-institut-fur-hirnforschung-827965-31.html
Proprietário do produto (m/f/d) - Alemanha - Fashionette AG,25 Jun 2022,http://www.togetherabroad.nl/jobs/job-product-owner-m-f-d-germany-fashionette-ag-827966-31.html
Junior Data Scientist - Alemanha - Innogames GmbH,25 Jun 2022,http://www.togetherabroad.nl/jobs/job-junior-data-scientist-germany-innogames-gmbh-827967-31.html
Gerente de Serviço de Negócios (M/F/X) Payment - Alemanha - Worldline Alemanha GmbH,25 Jun 2022,http://www.togetherabroad.nl/jobs/job-business-service-manager-m-f-x-e-payment-germany-worldline-germany-gmbh-827968-31.html
Gerente de Treinamento Sênior Europa (M/F/X) - Alemanha - Daiichi Sankyo Europa GmbH,25 Jun 2022,http://www.togetherabroad.nl/jobs/job-senior-training-manager-europe-m-f-x-germany-daiichi-sankyo-europe-gmbh-827969-31.html
Estudante de trabalho - Operações de RH (M/F/D) - Alemanha - Mercados de Metro GmbH,25 Jun 2022,http://www.togetherabroad.nl/jobs/job-working-student-–-hr-operations-m-f-d-germany-metro-markets-gmbh-827970-31.html
Aquisição de talentos especializados por Sr.; UE (M/F/D) (contrato limitado por 1 ano) - Alemanha - Serviços farmacêuticos West Deutschland GmbH & amp; co.KG,25 Jun 2022,http://www.togetherabroad.nl/jobs/job-sr-specialist-talent-acquisition-eu-m-f-d-limited-contract-for-1-year-germany-west-pharmaceutical-services-deutschland-gmbh-amp-co-kg-827971-31.html
Estudante de trabalho (m/f/d) Educação Profissional Europeia - Alemanha - Olimpo Europa Se & amp;Co. Kg,25 Jun 2022,http://www.togetherabroad.nl/jobs/job-working-student-m-f-d-european-professional-education-germany-olympus-europa-se-amp-co-kg-827972-31.html
Contador atual * - Alemanha - HDI AG,25 Jun 2022,http://www.togetherabroad.nl/jobs/job-current-accountant-germany-hdi-ag-827973-31.html
Java Software Developer - Rise of Cultures - Alemanha - Innogames GmbH,25 Jun 2022,http://www.togetherabroad.nl/jobs/job-java-software-developer-rise-of-cultures-germany-innogames-gmbh-827974-31.html
SAP Base Data Analytics Specialist (F/M/D) - Alemanha - Heidelbergcine,25 Jun 2022,http://www.togetherabroad.nl/jobs/job-sap-basis-data-analytics-specialist-f-m-d-germany-heidelbergcement-ag-827975-31.html
(Sênior) Comprador (M/F/D) - Alemanha - Fashionette AG,25 Jun 2022,http://www.togetherabroad.nl/jobs/job-senior-buyer-m-f-d-germany-fashionette-ag-827976-31.html
Estratégia de aprendizagem de gerente sênior & amp;Projetos (D/F/M) - Alemanha - elevador TK Europa Africa GmbH,25 Jun 2022,http://www.togetherabroad.nl/jobs/job-senior-manager-learning-strategy-amp-projects-d-f-m-germany-tk-elevator-europe-africa-gmbh-827977-31.html
Categoria Especialista S2C Compra Indireta Semicondutores Químicos (F/M/Div.) - Alemanha - Bosch Gruppe,25 Jun 2022,http://www.togetherabroad.nl/jobs/job-category-expert-s2c-indirect-purchasing-semiconductor-chemicals-f-m-div-germany-bosch-gruppe-827978-31.html
(Sênior) Gerente de Ativos (M/F/D)* - Alemanha - Cobalt Deutschland GmbH,25 Jun 2022,http://www.togetherabroad.nl/jobs/job-senior-asset-manager-m-f-d-germany-cobalt-deutschland-gmbh-827979-31.html
Técnico de suporte de TI (M/W/D) - Alemanha - Maersk,25 Jun 2022,http://www.togetherabroad.nl/jobs/job-it-support-technician-m-w-d-germany-maersk-827980-31.html
Gerente de marketing de RH - Alemanha - Innogames GmbH,25 Jun 2022,http://www.togetherabroad.nl/jobs/job-hr-marketing-manager-germany-innogames-gmbh-827981-31.html
NONOMASTER MARKETING (Mestrado Combinado) - Alemanha - Innogames GmbH,25 Jun 2022,http://www.togetherabroad.nl/jobs/job-innomaster-marketing-combined-master-studies-germany-innogames-gmbh-827982-31.html
Gerenciador de segurança funcional (f/m/d) - Alemanha - magna,25 Jun 2022,http://www.togetherabroad.nl/jobs/job-functional-safety-manager-f-m-d-germany-magna-827983-31.html
Pessoa qualificada (m/f/d) Operações de qualidade - Alemanha - Eisai GmbH,25 Jun 2022,http://www.togetherabroad.nl/jobs/job-qualified-person-m-f-d-quality-operations-germany-eisai-gmbh-827984-31.html
Estudante de trabalho para processamento de dados (todos os sexos) - Alemanha - Mbition GmbH,25 Jun 2022,http://www.togetherabroad.nl/jobs/job-working-student-for-data-processing-all-genders-germany-mbition-gmbh-827985-31.html
Análise de mercado de estudantes de trabalho: jogos para celular - Alemanha - Innogames GmbH,25 Jun 2022,http://www.togetherabroad.nl/jobs/job-working-student-market-analysis-mobile-games-germany-innogames-gmbh-827986-31.html
IBM Message Broker (M/W/D) - Alemanha - Mindtree Limited,25 Jun 2022,http://www.togetherabroad.nl/jobs/job-ibm-message-broker-m-w-d-germany-mindtree-limited-827987-31.html
Estudante de trabalho para o desenvolvimento da NVH (m/f/d) - Alemanha - Hyundai Motor Europe Centro Técnico GmbH,25 Jun 2022,http://www.togetherabroad.nl/jobs/job-working-student-for-nvh-development-m-f-d-germany-hyundai-motor-europe-technical-center-gmbh-827988-31.html
Proprietário do produto - interfaces de usuário da web e aplicativo móvel para soluções IoT (Digital Powertrain) (f/m/d) - Alemanha - ABB AG,25 Jun 2022,http://www.togetherabroad.nl/jobs/job-product-owner-–-web-user-interfaces-and-mobile-app-for-iot-solutions-digital-powertrain-f-m-d-germany-abb-ag-827989-31.html
Controlador (F/M/X) - Alemanha - Sysmex Europe GmbH,25 Jun 2022,http://www.togetherabroad.nl/jobs/job-controller-f-m-x-germany-sysmex-europe-gmbh-827990-31.html
Solução Arquiteto de Tecnolção de Aplicação de TI (M/F/D) - Alemanha - Vibracoustic Se & amp;Co. Kg,25 Jun 2022,http://www.togetherabroad.nl/jobs/job-solution-architect-it-application-technolgy-m-f-d-germany-vibracoustic-se-amp-co-kg-827991-31.html
Legal de chip para SOCs automotivos (f/m/div.) - Alemanha - Bosch Gruppe,25 Jun 2022,http://www.togetherabroad.nl/jobs/job-chip-lead-for-automotive-socs-f-m-div-germany-bosch-gruppe-827992-31.html
Mercados de Gerente de Vendas (todos os sexos) - Alemanha - Amorelie,25 Jun 2022,http://www.togetherabroad.nl/jobs/job-senior-sales-manager-marketplaces-all-genders-germany-amorelie-827993-31.html
Robotics Platform UX Designer (F/M/D) - Alemanha - Franka Emika GmbH,25 Jun 2022,http://www.togetherabroad.nl/jobs/job-robotics-platform-ux-designer-f-m-d-germany-franka-emika-gmbh-827994-31.html
Projeto e análise de engenheiros ópticos (m/f/d) - Alemanha - OHB System AG - Recursos humanos,25 Jun 2022,http://www.togetherabroad.nl/jobs/job-optical-engineer-design-and-analyses-m-f-d-germany-ohb-system-ag-human-resources-827995-31.html
Designer de jogo - Elvaner - Alemanha - Innogamesh Gambhi,25 Jun 2022,http://www.togetherabroad.nl/jobs/job-game-designer-elvenar-germany-innogames-gmbh-827996-31.html
Gerente (M/F/D) HCP/O Consultoria - Alemanha - Olympus Europa SE & amp;Co. Kg,25 Jun 2022,http://www.togetherabroad.nl/jobs/job-manager-m-f-d-hcp-o-consulting-management-germany-olympus-europa-se-amp-co-kg-827997-31.html
Equipamento de parceiros de negócios (m/f/d) - Alemanha - BHS ondulando Maschinen- und anlagenbau gmbh,25 Jun 2022,http://www.togetherabroad.nl/jobs/job-business-partner-equipment-m-w-d-germany-bhs-corrugated-maschinen-und-anlagenbau-gmbh-827998-31.html
Workshop; gerente de segurança e manutenção (m/f/x) - Alemanha - MyNaric AG,25 Jun 2022,http://www.togetherabroad.nl/jobs/job-workshop-safety-and-maintenance-manager-m-f-x-germany-mynaric-ag-827999-31.html
Linux System Administrator - Alemanha - Innogames GmbH,25 Jun 2022,http://www.togetherabroad.nl/jobs/job-linux-system-administrator-germany-innogames-gmbh-828000-31.html
Proprietário do produto (M/W/D) - Alemanha - Mindtree Limited,25 Jun 2022,http://www.togetherabroad.nl/jobs/job-product-owner-m-w-d-germany-mindtree-limited-828001-31.html
Consultor sênior de TI Inhouse SAP Fi/Co (M/F/D) - Alemanha - Traton Se München,25 Jun 2022,http://www.togetherabroad.nl/jobs/job-senior-it-inhouse-consultant-sap-fi-co-m-f-d-germany-traton-se-munchen-munchen-817226-31.html
Consultor técnico para software médico - Alemanha - Sectra Medical Systems GmbH Köln,25 Jun 2022,http://www.togetherabroad.nl/jobs/job-technical-consultant-for-medical-software-germany-sectra-medical-systems-gmbh-koln-koln-817717-31.html
Engenheiro Fullstack - Java & amp;Typescript (F/M/D) - Alemanha - Axel Springer National Media & amp;Tech GmbH & amp;Co. Kg,25 Jun 2022,http://www.togetherabroad.nl/jobs/job-fullstack-engineer-java-amp-typescript-f-m-d-germany-axel-springer-national-media-amp-tech-gmbh-amp-co-kg-819884-31.html
Especialista em visão computacional C ++ (f/m/div.) - Alemanha - Bosch Gruppe,25 Jun 2022,http://www.togetherabroad.nl/jobs/job-computer-vision-expert-c-f-m-div-germany-bosch-gruppe-819952-31.html
Especialista em visão computacional C ++ (f/m/div.) - Alemanha - Bosch Gruppe,25 Jun 2022,http://www.togetherabroad.nl/jobs/job-computer-vision-expert-c-f-m-div-germany-bosch-gruppe-819955-31.html
Desenvolvedor de função/software para previsão e planejamento para direção automatizada (f/m/div.) - Alemanha - Bosch Gruppe,25 Jun 2022,http://www.togetherabroad.nl/jobs/job-function-software-developer-for-prediction-and-planning-for-automated-driving-f-m-div-germany-bosch-gruppe-819957-31.html
Algoritmos de aprendizado profundo de especialista em visão computacional (f/m/div.) - Alemanha - Bosch Gruppe,25 Jun 2022,http://www.togetherabroad.nl/jobs/job-computer-vision-expert-deep-learning-algorithms-f-m-div-germany-bosch-gruppe-819964-31.html
Análise da situação do desenvolvedor de software para direção assistida e automatizada (f/m/div.) - Alemanha - Bosch Gruppe,25 Jun 2022,http://www.togetherabroad.nl/jobs/job-software-developer-situation-analysis-for-assisted-and-automated-driving-f-m-div-germany-bosch-gruppe-820015-31.html
Analista de dados sênior (m/f/d) SEO - Alemanha - Stepstone GmbH,25 Jun 2022,http://www.togetherabroad.nl/jobs/job-senior-data-analyst-m-f-d-seo-germany-stepstone-gmbh-820021-31.html
Especialista em visão computacional Aprendizagem profunda incorporada (f/m/div.) - Alemanha - Bosch Gruppe,25 Jun 2022,http://www.togetherabroad.nl/jobs/job-computer-vision-expert-embedded-deep-learning-f-m-div-germany-bosch-gruppe-820033-31.html
Arquiteto da Zero -Trust Networking Solutions (f/m/div.) - Alemanha - Bosch Gruppe,25 Jun 2022,http://www.togetherabroad.nl/jobs/job-architect-of-zero-trust-networking-solutions-f-m-div-germany-bosch-gruppe-820038-31.html
Desenvolvedor de back -end Python (M/W/D) - Alemanha - Axel Springer Teaser ad GmbH,25 Jun 2022,http://www.togetherabroad.nl/jobs/job-backend-developer-python-m-w-d-germany-axel-springer-teaser-ad-gmbh-820084-31.html
Recrutador sênior/parceiro de aquisição de talentos (f/m/diversificado) - Alemanha - Eurowings Digital GmbH,25 Jun 2022,http://www.togetherabroad.nl/jobs/job-senior-recruiter-talent-acquisition-partner-f-m-diverse-germany-eurowings-digital-gmbh-820265-31.html
Engenheiro de análise (M/F/D) - Alemanha - Dematic GmbH Würzburg; Augsburg; Nuremberg; Heusenstamm perto de Frankfurt Am Main,25 Jun 2022,http://www.togetherabroad.nl/jobs/job-analytics-engineer-m-f-d-germany-dematic-gmbh-wurzburg-augsburg-nurnberg-heusenstamm-bei-frankfurt-am-main-wurzburg-augsburg-nurnberg-heusenstamm-bei-frankfurt-am-main-820773-31.html
(Sênior) Engenheiro de Segurança de Aplicativos (F/M/D) - Alemanha - Ionos,25 Jun 2022,http://www.togetherabroad.nl/jobs/job-senior-application-security-engineer-f-m-d-germany-ionos-820840-31.html
Compensação de gerente (sênior) & amp;Benefícios/folha de pagamento internacional (f/m/d) - Alemanha - ionos,25 Jun 2022,http://www.togetherabroad.nl/jobs/job-senior-manager-compensation-amp-benefits-international-payroll-f-m-d-germany-ionos-820939-31.html
Gerente RH Controlando/Analítica de Pessoas (F/M/D) - Alemanha - Ionos,25 Jun 2022,http://www.togetherabroad.nl/jobs/job-manager-hr-controlling-people-analytics-f-m-d-germany-ionos-820951-31.html
Chefe de Monitoramento de Operações de TI & amp;Infraestrutura (F/M/D) - Alemanha - Ionos,25 Jun 2022,http://www.togetherabroad.nl/jobs/job-head-of-it-operations-monitoring-amp-infrastructure-f-m-d-germany-ionos-820961-31.html
Consultor sênior (GN) Comunicação Unificada - Alemanha - Softwareone Deutschland GmbH,25 Jun 2022,http://www.togetherabroad.nl/jobs/job-senior-consultant-gn-unified-communication-germany-softwareone-deutschland-gmbh-821234-31.html
Analista de Negócios (F/M/Div.) - Alemanha - Bosch Group,25 Jun 2022,http://www.togetherabroad.nl/jobs/job-business-analyst-f-m-div-germany-bosch-gruppe-822328-31.html
Expertista de Excelência em Manufatura (M/F/D) - Alemanha - Outokumpu Nirosta GmbH Dillenburg,25 Jun 2022,http://www.togetherabroad.nl/jobs/job-manufacturing-excellence-expert-m-f-d-germany-outokumpu-nirosta-gmbh-dillenburg-dillenburg-823226-31.html
Especialista sênior de ferramentas (M/F/D) - Alemanha - Sistemas Knorr -Bremse para Nutzfahrzeuge GmbH,25 Jun 2022,http://www.togetherabroad.nl/jobs/job-senior-tooling-expert-m-f-d-germany-knorr-bremse-systeme-fur-nutzfahrzeuge-gmbh-823228-31.html
Líder de serviço - Teste de segurança (W/M/Div.) - Alemanha - Etas,25 Jun 2022,http://www.togetherabroad.nl/jobs/job-service-lead-security-testing-w-m-div-germany-etas-823255-31.html
Líder de serviço - Teste de segurança (W/M/Div.) - Alemanha - Etas,25 Jun 2022,http://www.togetherabroad.nl/jobs/job-service-lead-security-testing-w-m-div-germany-etas-823291-31.html
Testador de penetração de segurança cibernética (m/f/diversa) - Alemanha - Continental AG,25 Jun 2022,http://www.togetherabroad.nl/jobs/job-cybersecurity-penetration-tester-m-f-diverse-germany-continental-ag-823299-31.html
Proprietário do produto para arquitetura de redundância (f/m/div.) - Alemanha - Bosch Gruppe,25 Jun 2022,http://www.togetherabroad.nl/jobs/job-product-owner-for-redundancy-architecture-f-m-div-germany-bosch-gruppe-823304-31.html
Engenheiro de Desenvolvimento de Software em Testes (M/F/D) - Alemanha - Sedo GmbH,25 Jun 2022,http://www.togetherabroad.nl/jobs/job-software-development-engineer-in-test-sdet-m-f-d-germany-sedo-gmbh-823305-31.html
Assistente de equipe (M/F/D) - Alemanha - BNP Paribas Corporate & amp;Banco institucional Frankfurt,25 Jun 2022,http://www.togetherabroad.nl/jobs/job-team-assistant-m-f-d-germany-bnp-paribas-corporate-amp-institutional-banking-frankfurt-frankfurt-823312-31.html
Gerente de projetos técnicos para design e aplicação da ASIC (f/m/div.) - Alemanha - Bosch Gruppe,25 Jun 2022,http://www.togetherabroad.nl/jobs/job-technical-project-manager-for-asic-design-and-application-f-m-div-germany-bosch-gruppe-823330-31.html
Analista de negócios/consultor (m/f/o) Transformação em nuvem - sua entrada em consultoria - Alemanha - Deloitte,25 Jun 2022,http://www.togetherabroad.nl/jobs/job-business-analyst-consultant-m-f-o-cloud-transformation-your-entry-in-consulting-germany-deloitte-823331-31.html
Engenheiro de Integrador/Suporte (M/F/D) para Projetos de Serviço Autosário Classic - Alemanha - Elektrobit Automotive GmbH,25 Jun 2022,http://www.togetherabroad.nl/jobs/job-integrator-support-engineer-m-f-d-for-classic-autosar-service-projects-germany-elektrobit-automotive-gmbh-823344-31.html
Chefe de Vendas OEM/Gerenciamento de Clientes Chave como serviço (M/F/Diverso)-Alemanha-Continental AG,25 Jun 2022,http://www.togetherabroad.nl/jobs/job-head-of-oem-sales-customer-management-key-as-a-service-m-f-diverse-germany-continental-ag-823348-31.html
(Júnior) Proprietário do produto (M/W/D) Produtos de Tecnologia da Rodovia - Alemanha - Kühne + Nagel (AG & amp; Co.) KG,25 Jun 2022,http://www.togetherabroad.nl/jobs/job-junior-product-owner-m-w-d-road-technology-products-germany-kuhne-nagel-ag-amp-co-kg-823363-31.html
Diretor de Tecnologia Chefe (D/F/M) - Alemanha - Risco.ident GmbH,25 Jun 2022,http://www.togetherabroad.nl/jobs/job-chief-technology-officer-d-f-m-germany-risk-ident-gmbh-823412-31.html
Desenvolvedor sênior de software para nossa crescente pesquisa e amp;Equipe de Desenvolvimento - Alemanha - Saab Danmark A/S Sønderborg,25 Jun 2022,http://www.togetherabroad.nl/jobs/job-senior-software-developer-for-our-growing-research-amp-development-team-germany-saab-danmark-a-s-sonderborg-sonderborg-823432-31.html
Operativo de Dispatch and Warehouse (f/m/x)/período parcial - Alemanha - Adecco Deutschland,25 Jun 2022,http://www.togetherabroad.nl/jobs/job-dispatch-and-warehouse-operative-f-m-x-full-part-time-germany-adecco-deutschland-824794-31.html
Engenheiro de Segurança - Profissional Fresco ou Jovem (W/M/Div.) - Alemanha - Bosch Gruppe,25 Jun 2022,http://www.togetherabroad.nl/jobs/job-safety-engineer-fresh-or-young-professional-w-m-div-germany-bosch-gruppe-824795-31.html
Gerente de plano de 'Processos Estacionários de Vendas' (F/M/X) - Alemanha - Mercedes -Benz Mobility AG,25 Jun 2022,http://www.togetherabroad.nl/jobs/job-blueprint-manager-of-stationary-sales-processes-f-m-x-germany-mercedes-benz-mobility-ag-825122-31.html
Cientista de dados em desenvolvimento de produtos Mercedes -Benz -Trucks (F/M/D) - Alemanha - Daimler Truck AG,25 Jun 2022,http://www.togetherabroad.nl/jobs/job-data-scientist-in-product-development-mercedes-benz-trucks-f-m-d-germany-daimler-truck-ag-825123-31.html
Chefe de Software (todos os sexos) - Berlim - Alemanha - Mbition GmbH,25 Jun 2022,http://www.togetherabroad.nl/jobs/job-head-of-software-all-genders-berlin-germany-mbition-gmbh-825124-31.html
Analista de Relatórios Financeiros (F/M/D) - Alemanha - Uniper,25 Jun 2022,http://www.togetherabroad.nl/jobs/job-senior-financial-reporting-analyst-f-m-d-germany-uniper-825125-31.html
Engenheiro de Sistema/Engenheiro de Teste (M/W/D) - Aeroespacial - Alemanha - Bertrandt AG,25 Jun 2022,http://www.togetherabroad.nl/jobs/job-system-engineer-test-engineer-m-w-d-aerospace-germany-bertrandt-ag-825126-31.html
Gerente de Relações com Investidores - ESG Investors & amp;AGM; Governança; Eventos (W/M/D) - Alemanha - Daimler Truck AG,25 Jun 2022,http://www.togetherabroad.nl/jobs/job-manager-investor-relations-esg-investors-amp-agm-governance-events-w-m-d-germany-daimler-truck-ag-825128-31.html
Engenheiro de back -end - PHP/GOLANG (M/F/D) - Alemanha - Axel Springer National Media & amp;Tech GmbH & amp;Co. Kg,25 Jun 2022,http://www.togetherabroad.nl/jobs/job-backend-engineer-php-golang-m-f-d-germany-axel-springer-national-media-amp-tech-gmbh-amp-co-kg-825130-31.html
Gerenciador de rotulagem (M/W/X) - Alemanha - Zeiss,25 Jun 2022,http://www.togetherabroad.nl/jobs/job-labeling-manager-m-w-x-germany-zeiss-825317-31.html
Analista / estratégia associada & amp;Desenvolvimento (F/M/D) - Alemanha - Heidelbergcam,25 Jun 2022,http://www.togetherabroad.nl/jobs/job-analyst-associate-strategy-amp-development-f-m-d-germany-heidelbergcement-ag-825341-31.html
Analista de negócios para uma empresa de seguros automotivos (Gerenciamento de requisitos / produtos digitais) - Alemanha - Opteven Services Deutschland GmbH Berlin,25 Jun 2022,http://www.togetherabroad.nl/jobs/job-business-analyst-for-an-automotive-insurance-company-requirements-management-digital-products-germany-opteven-services-deutschland-gmbh-berlin-berlin-825433-31.html
Gerente* Assuntos Regulatórios CMC - Alemanha - Biontech SE Mainz,25 Jun 2022,http://www.togetherabroad.nl/jobs/job-manager-regulatory-affairs-cmc-germany-biontech-se-mainz-mainz-825434-31.html
(Sênior) Engenheiro de Frontend - PulseShift (F/M/D) - Alemanha - Consultores de Gerenciamento da Camelot AG Mannheim,25 Jun 2022,http://www.togetherabroad.nl/jobs/job-senior-frontend-engineer-pulseshift-f-m-d-germany-camelot-management-consultants-ag-mannheim-mannheim-825435-31.html
(Sênior) Desenvolvedor de pilha completa (f/m/d) - Alemanha - Camelot Itlab GmbH Mannheim; Köln; München; Home Office,25 Jun 2022,http://www.togetherabroad.nl/jobs/job-senior-full-stack-developer-f-m-d-germany-camelot-itlab-gmbh-mannheim-koln-munchen-home-office-mannheim-koln-munchen-home-office-825436-31.html
(Sênior) Consultor Cloud Integration (F/M/D) - Alemanha - Camelot Itlab GmbH Mannheim,25 Jun 2022,http://www.togetherabroad.nl/jobs/job-senior-consultant-cloud-integration-f-m-d-germany-camelot-itlab-gmbh-mannheim-mannheim-825437-31.html
Estudante de trabalho (m/w/d) Marketing - Alemanha - Trelleborg Sealing Solutions Alemanha GmbH Stuttgart,25 Jun 2022,http://www.togetherabroad.nl/jobs/job-working-student-m-w-d-marketing-germany-trelleborg-sealing-solutions-germany-gmbh-stuttgart-stuttgart-825438-31.html
Estudante de trabalho (m/w/d) Marketing - Alemanha - Trelleborg Sealing Solutions Alemanha GmbH Stuttgart,25 Jun 2022,http://www.togetherabroad.nl/jobs/job-working-student-m-w-d-marketing-germany-trelleborg-sealing-solutions-germany-gmbh-stuttgart-stuttgart-825439-31.html
Especialista em Processo de Compra (M/F/D) - Alemanha - Trelleborg Sealing Solutions Alemanha GmbH Stuttgart,25 Jun 2022,http://www.togetherabroad.nl/jobs/job-purchasing-process-specialist-m-f-d-germany-trelleborg-sealing-solutions-germany-gmbh-stuttgart-stuttgart-825440-31.html
Estudante de trabalho (m/w/d) Marketing - Alemanha - Trelleborg Sealing Solutions Alemanha GmbH Stuttgart,25 Jun 2022,http://www.togetherabroad.nl/jobs/job-working-student-m-w-d-marketing-germany-trelleborg-sealing-solutions-germany-gmbh-stuttgart-stuttgart-825441-31.html
Executivo de Contas Sênior (M/F/D) - Alemanha - Everstox München,25 Jun 2022,http://www.togetherabroad.nl/jobs/job-senior-account-executive-m-f-d-germany-everstox-munchen-munchen-825442-31.html
Gerente sênior Relatórios financeiros/IFRS Desk (W/M/D) - Alemanha - Zalando Se Berlin,25 Jun 2022,http://www.togetherabroad.nl/jobs/job-senior-manager-financial-reporting-ifrs-desk-w-m-d-germany-zalando-se-berlin-berlin-825443-31.html
Gerente de vendas / vendas de funcionários (M / F / D) Autopay / German & amp;Falando inglês / baseado na Alemanha - Alemanha - Autopay Deutschland GmbH Stuttgart; Munique,25 Jun 2022,http://www.togetherabroad.nl/jobs/job-sales-manager-mitarbeiter-vertrieb-m-w-d-autopay-german-amp-english-speaking-based-in-germany-germany-autopay-deutschland-gmbh-stuttgart-munchen-stuttgart-munchen-825445-31.html
Gerente de sistema (F/M/D) - Alemanha - Vattenfall Berlin ou Hamburgo,25 Jun 2022,http://www.togetherabroad.nl/jobs/job-system-manager-f-m-d-germany-vattenfall-berlin-or-hamburg-berlin-or-hamburg-825447-31.html
Gerente sênior de engenharia - SPACE WHEELS SYSTEMS & amp;Produtos (F/M/D) - Alemanha - Rockwell Collins Deutschland GmbH; uma parte do Collins Aerospace,25 Jun 2022,http://www.togetherabroad.nl/jobs/job-senior-engineering-manager-–-space-wheels-systems-amp-products-f-m-d-germany-rockwell-collins-deutschland-gmbh-a-part-of-collins-aerospace-825448-31.html
(Senior) Cientista* Biópsia Líquida de Diagnóstico Molecular (Desenvolvimento CDX IVD) - Alemanha - Biontech SE Mainz,25 Jun 2022,http://www.togetherabroad.nl/jobs/job-senior-scientist-molecular-diagnostics-liquid-biopsy-cdx-ivd-development-germany-biontech-se-mainz-mainz-825449-31.html
Gerente de Programa 2D (F/M/D) - Alemanha - Aixtron SE,25 Jun 2022,http://www.togetherabroad.nl/jobs/job-program-manager-2d-f-m-d-germany-aixtron-se-825450-31.html
